{
    "corpora": {
        "ROMI": {
            "absolute": {
                "gav": 2715, 
                "gavs": 40, 
                "ge": 2776, 
                "ger": 1080, 
                "ges": 24, 
                "gett": 667, 
                "getts": 6, 
                "giv": 8, 
                "giva": 7, 
                "givande": 9, 
                "givas": 1, 
                "give": 13, 
                "given": 34, 
                "giver": 1, 
                "gives": 2, 
                "givet": 109, 
                "givit": 282, 
                "givits": 8, 
                "givna": 18, 
                "givs": 1, 
                "g\u00e5ve": 3
            }, 
            "relative": {
                "gav": 412.6628992494551, 
                "gavs": 6.079748055240591, 
                "ge": 421.934515033697, 
                "ger": 164.15319749149594, 
                "ges": 3.647848833144354, 
                "gett": 101.37979882113684, 
                "getts": 0.9119622082860885, 
                "giv": 1.2159496110481183, 
                "giva": 1.0639559096671034, 
                "givande": 1.367943312429133, 
                "givas": 0.15199370138101478, 
                "give": 1.975918117953192, 
                "given": 5.167785846954502, 
                "giver": 0.15199370138101478, 
                "gives": 0.30398740276202957, 
                "givet": 16.56731345053061, 
                "givit": 42.86222378944617, 
                "givits": 1.2159496110481183, 
                "givna": 2.735886624858266, 
                "givs": 0.15199370138101478, 
                "g\u00e5ve": 0.45598110414304427
            }, 
            "sums": {
                "absolute": 7804, 
                "relative": 1186.1588455774395
            }
        }
    }, 
    "count": 21, 
    "time": 0.8480129241943359, 
    "total": {
        "absolute": {
            "gav": 2715, 
            "gavs": 40, 
            "ge": 2776, 
            "ger": 1080, 
            "ges": 24, 
            "gett": 667, 
            "getts": 6, 
            "giv": 8, 
            "giva": 7, 
            "givande": 9, 
            "givas": 1, 
            "give": 13, 
            "given": 34, 
            "giver": 1, 
            "gives": 2, 
            "givet": 109, 
            "givit": 282, 
            "givits": 8, 
            "givna": 18, 
            "givs": 1, 
            "g\u00e5ve": 3
        }, 
        "relative": {
            "gav": 412.6628992494551, 
            "gavs": 6.079748055240591, 
            "ge": 421.934515033697, 
            "ger": 164.15319749149594, 
            "ges": 3.647848833144354, 
            "gett": 101.37979882113684, 
            "getts": 0.9119622082860885, 
            "giv": 1.2159496110481183, 
            "giva": 1.0639559096671034, 
            "givande": 1.367943312429133, 
            "givas": 0.15199370138101478, 
            "give": 1.975918117953192, 
            "given": 5.167785846954502, 
            "giver": 0.15199370138101478, 
            "gives": 0.30398740276202957, 
            "givet": 16.56731345053061, 
            "givit": 42.86222378944617, 
            "givits": 1.2159496110481183, 
            "givna": 2.735886624858266, 
            "givs": 0.15199370138101478, 
            "g\u00e5ve": 0.45598110414304427
        }, 
        "sums": {
            "absolute": 7804, 
            "relative": 1186.1588455774393
        }
    }
}
